{
  "000004.pcd": {
    "0": {
      "confidence": 0.8299436569213867,
      "x": 0.6207255721092224,
      "y": 0.3393271267414093,
      "w": 0.026913324370980263,
      "h": 0.02635212615132332
    },
    "1": {
      "confidence": 0.8069045543670654,
      "x": 0.428894966840744,
      "y": 0.37448444962501526,
      "w": 0.027293629944324493,
      "h": 0.02590077556669712
    },
    "2": {
      "confidence": 0.8013520836830139,
      "x": 0.6129134297370911,
      "y": 0.4376993477344513,
      "w": 0.026676852256059647,
      "h": 0.02681625820696354
    },
    "3": {
      "confidence": 0.8003425598144531,
      "x": 0.42597758769989014,
      "y": 0.29200875759124756,
      "w": 0.028095433488488197,
      "h": 0.02794303372502327
    },
    "4": {
      "confidence": 0.7333654761314392,
      "x": 0.4269472658634186,
      "y": 0.43126749992370605,
      "w": 0.028276219964027405,
      "h": 0.027415188029408455
    }
  },
  "000005.pcd": {
    "0": {
      "confidence": 0.8456155061721802,
      "x": 0.6202619671821594,
      "y": 0.3397262394428253,
      "w": 0.027471937239170074,
      "h": 0.026937486603856087
    },
    "1": {
      "confidence": 0.8136775493621826,
      "x": 0.42864885926246643,
      "y": 0.37475278973579407,
      "w": 0.027212966233491898,
      "h": 0.025968434289097786
    },
    "2": {
      "confidence": 0.791598916053772,
      "x": 0.6124739050865173,
      "y": 0.4379151463508606,
      "w": 0.027056463062763214,
      "h": 0.026983143761754036
    },
    "3": {
      "confidence": 0.7881207466125488,
      "x": 0.4258177578449249,
      "y": 0.2921757698059082,
      "w": 0.028848830610513687,
      "h": 0.02836523950099945
    },
    "4": {
      "confidence": 0.7778000831604004,
      "x": 0.42670518159866333,
      "y": 0.43271127343177795,
      "w": 0.027141619473695755,
      "h": 0.02731464058160782
    },
    "5": {
      "confidence": 0.7280308604240417,
      "x": 0.4677417278289795,
      "y": 0.22481293976306915,
      "w": 0.03291312977671623,
      "h": 0.03196822479367256
    },
    "6": {
      "confidence": 0.7113497257232666,
      "x": 0.5802783966064453,
      "y": 0.2078760266304016,
      "w": 0.028882743790745735,
      "h": 0.028339805081486702
    }
  },
  "000006.pcd": {
    "0": {
      "confidence": 0.8396573662757874,
      "x": 0.6195219159126282,
      "y": 0.3403688073158264,
      "w": 0.027016181498765945,
      "h": 0.026359831914305687
    },
    "1": {
      "confidence": 0.8134294748306274,
      "x": 0.4292455315589905,
      "y": 0.3754246234893799,
      "w": 0.027297494933009148,
      "h": 0.025785012170672417
    },
    "2": {
      "confidence": 0.7996148467063904,
      "x": 0.617766261100769,
      "y": 0.4386245310306549,
      "w": 0.028359809890389442,
      "h": 0.027416858822107315
    },
    "3": {
      "confidence": 0.792701780796051,
      "x": 0.4268289804458618,
      "y": 0.4317149221897125,
      "w": 0.027066323906183243,
      "h": 0.026707462966442108
    },
    "4": {
      "confidence": 0.7833313941955566,
      "x": 0.42561283707618713,
      "y": 0.29236721992492676,
      "w": 0.028600135818123817,
      "h": 0.0281040221452713
    },
    "5": {
      "confidence": 0.718754231929779,
      "x": 0.5810188055038452,
      "y": 0.20817087590694427,
      "w": 0.02882421389222145,
      "h": 0.02831437438726425
    }
  },
  "000007.pcd": {
    "0": {
      "confidence": 0.8436352610588074,
      "x": 0.6207159757614136,
      "y": 0.3393542468547821,
      "w": 0.027377398684620857,
      "h": 0.02693895250558853
    },
    "1": {
      "confidence": 0.8204196691513062,
      "x": 0.429772287607193,
      "y": 0.37451136112213135,
      "w": 0.027139106765389442,
      "h": 0.02542228065431118
    },
    "2": {
      "confidence": 0.8034102320671082,
      "x": 0.6128125190734863,
      "y": 0.4379190504550934,
      "w": 0.027296200394630432,
      "h": 0.027287902310490608
    },
    "3": {
      "confidence": 0.769049882888794,
      "x": 0.4259454011917114,
      "y": 0.2920728325843811,
      "w": 0.028232324868440628,
      "h": 0.02831111289560795
    },
    "4": {
      "confidence": 0.7532860040664673,
      "x": 0.4265165627002716,
      "y": 0.4324031472206116,
      "w": 0.027242543175816536,
      "h": 0.026671627536416054
    }
  },
  "000008.pcd": {
    "0": {
      "confidence": 0.8409494757652283,
      "x": 0.6197845935821533,
      "y": 0.3394181728363037,
      "w": 0.027331583201885223,
      "h": 0.027012063190340996
    },
    "1": {
      "confidence": 0.8216835856437683,
      "x": 0.42927086353302,
      "y": 0.37378719449043274,
      "w": 0.027179040014743805,
      "h": 0.025084732100367546
    },
    "2": {
      "confidence": 0.7931822538375854,
      "x": 0.6128048300743103,
      "y": 0.4382461607456207,
      "w": 0.026905404403805733,
      "h": 0.026830006390810013
    },
    "3": {
      "confidence": 0.7822058200836182,
      "x": 0.42563700675964355,
      "y": 0.29249757528305054,
      "w": 0.02853265032172203,
      "h": 0.028245730325579643
    },
    "4": {
      "confidence": 0.7498413324356079,
      "x": 0.426937073469162,
      "y": 0.43185243010520935,
      "w": 0.028021017089486122,
      "h": 0.027390725910663605
    }
  },
  "000009.pcd": {
    "0": {
      "confidence": 0.8459003567695618,
      "x": 0.6201425790786743,
      "y": 0.33939290046691895,
      "w": 0.027529781684279442,
      "h": 0.026901308447122574
    },
    "1": {
      "confidence": 0.8145074248313904,
      "x": 0.42883220314979553,
      "y": 0.3743758201599121,
      "w": 0.027234921231865883,
      "h": 0.025755109265446663
    },
    "2": {
      "confidence": 0.8129799365997314,
      "x": 0.6130728125572205,
      "y": 0.43884846568107605,
      "w": 0.02693147212266922,
      "h": 0.02634388767182827
    },
    "3": {
      "confidence": 0.7901630401611328,
      "x": 0.4277994930744171,
      "y": 0.43222516775131226,
      "w": 0.02767648734152317,
      "h": 0.02683052234351635
    },
    "4": {
      "confidence": 0.789476215839386,
      "x": 0.42590346932411194,
      "y": 0.29221153259277344,
      "w": 0.02779141627252102,
      "h": 0.027667472139000893
    },
    "5": {
      "confidence": 0.7372333407402039,
      "x": 0.5808988809585571,
      "y": 0.20726637542247772,
      "w": 0.02887883596122265,
      "h": 0.027639713138341904
    }
  },
  "000010.pcd": {
    "0": {
      "confidence": 0.843324601650238,
      "x": 0.6198647022247314,
      "y": 0.33993402123451233,
      "w": 0.027367567643523216,
      "h": 0.02721094712615013
    },
    "1": {
      "confidence": 0.7967908978462219,
      "x": 0.4293915331363678,
      "y": 0.3748894929885864,
      "w": 0.027206802740693092,
      "h": 0.025850115343928337
    },
    "2": {
      "confidence": 0.7957544326782227,
      "x": 0.425798237323761,
      "y": 0.29199469089508057,
      "w": 0.02759460359811783,
      "h": 0.027470547705888748
    },
    "3": {
      "confidence": 0.7914279699325562,
      "x": 0.6177801489830017,
      "y": 0.43850791454315186,
      "w": 0.028881734237074852,
      "h": 0.027681872248649597
    },
    "4": {
      "confidence": 0.7589434385299683,
      "x": 0.4273926317691803,
      "y": 0.432259202003479,
      "w": 0.02795966900885105,
      "h": 0.02717737853527069
    }
  }
}