{
  "000397.pcd": {
    "0": {
      "confidence": 0.8145403265953064,
      "x": 0.39469078183174133,
      "y": 0.416187047958374,
      "w": 0.028001505881547928,
      "h": 0.02773904986679554
    },
    "1": {
      "confidence": 0.8040447235107422,
      "x": 0.38009288907051086,
      "y": 0.49460771679878235,
      "w": 0.028553230687975883,
      "h": 0.02917950041592121
    },
    "2": {
      "confidence": 0.7925008535385132,
      "x": 0.43675142526626587,
      "y": 0.3499286472797394,
      "w": 0.02756902202963829,
      "h": 0.028869275003671646
    },
    "3": {
      "confidence": 0.7863873839378357,
      "x": 0.5799190998077393,
      "y": 0.2162468582391739,
      "w": 0.029385371133685112,
      "h": 0.02856905199587345
    },
    "4": {
      "confidence": 0.7540023326873779,
      "x": 0.47715723514556885,
      "y": 0.29130101203918457,
      "w": 0.028995638713240623,
      "h": 0.02953612059354782
    },
    "5": {
      "confidence": 0.746595025062561,
      "x": 0.5971569418907166,
      "y": 0.42816296219825745,
      "w": 0.026995835825800896,
      "h": 0.026047397404909134
    },
    "6": {
      "confidence": 0.7418131232261658,
      "x": 0.5660163164138794,
      "y": 0.504753053188324,
      "w": 0.02895004115998745,
      "h": 0.029823653399944305
    },
    "7": {
      "confidence": 0.7417696118354797,
      "x": 0.6245077252388,
      "y": 0.1701798290014267,
      "w": 0.02882281504571438,
      "h": 0.029245872050523758
    },
    "8": {
      "confidence": 0.7158539295196533,
      "x": 0.5334142446517944,
      "y": 0.2558108866214752,
      "w": 0.02806166000664234,
      "h": 0.029857859015464783
    },
    "9": {
      "confidence": 0.703600287437439,
      "x": 0.6763508319854736,
      "y": 0.39156225323677063,
      "w": 0.031144922599196434,
      "h": 0.030957119539380074
    }
  },
  "000398.pcd": {
    "0": {
      "confidence": 0.8340563178062439,
      "x": 0.3958613872528076,
      "y": 0.41993018984794617,
      "w": 0.027817873284220695,
      "h": 0.028252409771084785
    },
    "1": {
      "confidence": 0.802141010761261,
      "x": 0.59965580701828,
      "y": 0.42957648634910583,
      "w": 0.02613893710076809,
      "h": 0.02649938501417637
    },
    "2": {
      "confidence": 0.7932502627372742,
      "x": 0.4718429744243622,
      "y": 0.29726701974868774,
      "w": 0.029693281278014183,
      "h": 0.029475823044776917
    },
    "3": {
      "confidence": 0.7523309588432312,
      "x": 0.5638624429702759,
      "y": 0.5047191381454468,
      "w": 0.030431365594267845,
      "h": 0.029791666194796562
    },
    "4": {
      "confidence": 0.7469708323478699,
      "x": 0.6191887855529785,
      "y": 0.17599883675575256,
      "w": 0.02931613102555275,
      "h": 0.029343629255890846
    },
    "5": {
      "confidence": 0.738813579082489,
      "x": 0.4326900541782379,
      "y": 0.35511454939842224,
      "w": 0.02854759804904461,
      "h": 0.028209581971168518
    },
    "6": {
      "confidence": 0.7327917218208313,
      "x": 0.5733641982078552,
      "y": 0.21812668442726135,
      "w": 0.0276690274477005,
      "h": 0.028733761981129646
    },
    "7": {
      "confidence": 0.7325205206871033,
      "x": 0.5325421094894409,
      "y": 0.2616397738456726,
      "w": 0.02844155766069889,
      "h": 0.02860877849161625
    },
    "8": {
      "confidence": 0.7184672951698303,
      "x": 0.3799929618835449,
      "y": 0.4957444667816162,
      "w": 0.029693884775042534,
      "h": 0.03073892369866371
    },
    "9": {
      "confidence": 0.6201876401901245,
      "x": 0.6757605075836182,
      "y": 0.39102602005004883,
      "w": 0.03085247240960598,
      "h": 0.031812332570552826
    }
  },
  "000399.pcd": {
    "0": {
      "confidence": 0.82701575756073,
      "x": 0.431118905544281,
      "y": 0.35872042179107666,
      "w": 0.02751431055366993,
      "h": 0.027627499774098396
    },
    "1": {
      "confidence": 0.7905223965644836,
      "x": 0.3895500898361206,
      "y": 0.42901986837387085,
      "w": 0.02721862681210041,
      "h": 0.027018554508686066
    },
    "2": {
      "confidence": 0.7694268226623535,
      "x": 0.595040500164032,
      "y": 0.4317103922367096,
      "w": 0.026727473363280296,
      "h": 0.026042047888040543
    },
    "3": {
      "confidence": 0.7680129408836365,
      "x": 0.5712937116622925,
      "y": 0.22217240929603577,
      "w": 0.02817446179687977,
      "h": 0.027227433398365974
    },
    "4": {
      "confidence": 0.7416987419128418,
      "x": 0.47121816873550415,
      "y": 0.3004971444606781,
      "w": 0.028827333822846413,
      "h": 0.027531949803233147
    },
    "5": {
      "confidence": 0.7383281588554382,
      "x": 0.5293868780136108,
      "y": 0.2640784680843353,
      "w": 0.0277189239859581,
      "h": 0.02834881842136383
    },
    "6": {
      "confidence": 0.735368013381958,
      "x": 0.6112321019172668,
      "y": 0.17706893384456635,
      "w": 0.028127677738666534,
      "h": 0.02897796221077442
    },
    "7": {
      "confidence": 0.7161352038383484,
      "x": 0.5637218356132507,
      "y": 0.5080493688583374,
      "w": 0.030154205858707428,
      "h": 0.030525827780365944
    },
    "8": {
      "confidence": 0.6999179720878601,
      "x": 0.3771761953830719,
      "y": 0.5028077960014343,
      "w": 0.030907558277249336,
      "h": 0.030879303812980652
    },
    "9": {
      "confidence": 0.6696202754974365,
      "x": 0.5880886912345886,
      "y": 0.21470390260219574,
      "w": 0.028531359508633614,
      "h": 0.028634952381253242
    }
  },
  "000400.pcd": {
    "0": {
      "confidence": 0.8209263682365417,
      "x": 0.5661159157752991,
      "y": 0.2255587875843048,
      "w": 0.027405764907598495,
      "h": 0.027921751141548157
    },
    "1": {
      "confidence": 0.8207026124000549,
      "x": 0.391063928604126,
      "y": 0.43080589175224304,
      "w": 0.027275703847408295,
      "h": 0.02707180753350258
    },
    "2": {
      "confidence": 0.8051629662513733,
      "x": 0.42938879132270813,
      "y": 0.36640119552612305,
      "w": 0.027146203443408012,
      "h": 0.026569800451397896
    },
    "3": {
      "confidence": 0.7587823271751404,
      "x": 0.5956169366836548,
      "y": 0.4328855276107788,
      "w": 0.025638649240136147,
      "h": 0.025908324867486954
    },
    "4": {
      "confidence": 0.7541099786758423,
      "x": 0.4669070839881897,
      "y": 0.30518966913223267,
      "w": 0.027820758521556854,
      "h": 0.02927868813276291
    },
    "5": {
      "confidence": 0.7378361821174622,
      "x": 0.6089801788330078,
      "y": 0.1785404235124588,
      "w": 0.02797050215303898,
      "h": 0.02874867059290409
    },
    "6": {
      "confidence": 0.7106821537017822,
      "x": 0.5629525184631348,
      "y": 0.5090926289558411,
      "w": 0.030502445995807648,
      "h": 0.031322211027145386
    },
    "7": {
      "confidence": 0.6077694296836853,
      "x": 0.5250130891799927,
      "y": 0.27213868498802185,
      "w": 0.030916718766093254,
      "h": 0.029842905700206757
    }
  },
  "000401.pcd": {
    "0": {
      "confidence": 0.783838152885437,
      "x": 0.38872507214546204,
      "y": 0.4358939826488495,
      "w": 0.027886368334293365,
      "h": 0.027748560532927513
    },
    "1": {
      "confidence": 0.7790002226829529,
      "x": 0.42812132835388184,
      "y": 0.3710358142852783,
      "w": 0.02909369021654129,
      "h": 0.028499538078904152
    },
    "2": {
      "confidence": 0.7667964696884155,
      "x": 0.5218566060066223,
      "y": 0.27280017733573914,
      "w": 0.031183307990431786,
      "h": 0.029841039329767227
    },
    "3": {
      "confidence": 0.7509825229644775,
      "x": 0.5622553825378418,
      "y": 0.2272857278585434,
      "w": 0.02684444934129715,
      "h": 0.027810102328658104
    },
    "4": {
      "confidence": 0.7365252375602722,
      "x": 0.6022443771362305,
      "y": 0.18148934841156006,