{
  "000002.pcd": {
    "0": {
      "confidence": 0.8236697912216187,
      "x": 0.6192940473556519,
      "y": 0.34050318598747253,
      "w": 0.027712609618902206,
      "h": 0.027243616059422493
    },
    "1": {
      "confidence": 0.8201755881309509,
      "x": 0.6178531646728516,
      "y": 0.4386260211467743,
      "w": 0.02830377034842968,
      "h": 0.027455871924757957
    },
    "2": {
      "confidence": 0.8184205293655396,
      "x": 0.4290653169155121,
      "y": 0.37520208954811096,
      "w": 0.027870740741491318,
      "h": 0.026026496663689613
    },
    "3": {
      "confidence": 0.7815772294998169,
      "x": 0.42600175738334656,
      "y": 0.29241931438446045,
      "w": 0.029811901971697807,
      "h": 0.028825189918279648
    },
    "4": {
      "confidence": 0.7525281310081482,
      "x": 0.4272157847881317,
      "y": 0.4326401650905609,
      "w": 0.02786308340728283,
      "h": 0.02739649824798107
    },
    "5": {
      "confidence": 0.7213854789733887,
      "x": 0.5808908343315125,
      "y": 0.20802126824855804,
      "w": 0.029250845313072205,
      "h": 0.02855883724987507
    }
  },
  "000003.pcd": {
    "0": {
      "confidence": 0.8072582483291626,
      "x": 0.6199800968170166,
      "y": 0.33954012393951416,
      "w": 0.028397424146533012,
      "h": 0.027723390609025955
    },
    "1": {
      "confidence": 0.794102132320404,
      "x": 0.4294567406177521,
      "y": 0.37492313981056213,
      "w": 0.028056034818291664,
      "h": 0.02645588293671608
    },
    "2": {
      "confidence": 0.7910056710243225,
      "x": 0.4263358414173126,
      "y": 0.2921159863471985,
      "w": 0.028664518147706985,
      "h": 0.028390057384967804
    },
    "3": {
      "confidence": 0.7829733490943909,
      "x": 0.6131014227867126,
      "y": 0.43788930773735046,
      "w": 0.026792213320732117,
      "h": 0.026564495638012886
    },
    "4": {
      "confidence": 0.7641777396202087,
      "x": 0.4271423816680908,
      "y": 0.432146817445755,
      "w": 0.02818937413394451,
      "h": 0.027177639305591583
    }
  }
}