{
  "000004.pcd": {
    "0": {
      "confidence": 0.8299436569213867,
      "x": 0.6207255721092224,
      "y": 0.3393271267414093,
      "w": 0.026913324370980263,
      "h": 0.02635212615132332
    },
    "1": {
      "confidence": 0.8069045543670654,
      "x": 0.428894966840744,
      "y": 0.37448444962501526,
      "w": 0.027293629944324493,
      "h": 0.02590077556669712
    },
    "2": {
      "confidence": 0.8013520836830139,
      "x": 0.6129134297370911,
      "y": 0.4376993477344513,
      "w": 0.026676852256059647,
      "h": 0.02681625820696354
    },
    "3": {
      "confidence": 0.8003425598144531,
      "x": 0.42597758769989014,
      "y": 0.29200875759124756,
      "w": 0.028095433488488197,
      "h": 0.02794303372502327
    },
    "4": {
      "confidence": 0.7333654761314392,
      "x": 0.4269472658634186,
      "y": 0.43126749992370605,
      "w": 0.028276219964027405,
      "h": 0.027415188029408455
    }
  },
  "000005.pcd": {
    "0": {
      "confidence": 0.8456155061721802,
      "x": 0.6202619671821594,
      "y": 0.3397262394428253,
      "w": 0.027471937239170074,
      "h": 0.026937486603856087
    },
    "1": {
      "confidence": 0.8136775493621826,
      "x": 0.42864885926246643,
      "y": 0.37475278973579407,
      "w": 0.027212966233491898,
      "h": 0.025968434289097786
    },
    "2": {
      "confidence": 0.791598916053772,
      "x": 0.6124739050865173,
      "y": 0.4379151463508606,
      "w": 0.027056463062763214,
      "h": 0.026983143761754036
    },
    "3": {
      "confidence": 0.7881207466125488,
      "x": 0.4258177578449249,
      "y": 0.2921757698059082,
      "w": 0.028848830610513687,
      "h": 0.02836523950099945
    },
    "4": {
      "confidence": 0.7778000831604004,
      "x": 0.42670518159866333,
      "y": 0.43271127343177795,
      "w": 0.027141619473695755,
      "h": 0.02731464058160782
    },
    "5": {
      "confidence": 0.7280308604240417,
      "x": 0.4677417278289795,
      "y": 0.22481293976306915,
      "w": 0.03291312977671623,
      "h": 0.03196822479367256
    },
    "6": {
      "confidence": 0.7113497257232666,
      "x": 0.5802783966064453,
      "y": 0.2078760266304016,
      "w": 0.028882743790745735,
      "h": 0.028339805081486702
    }
  }
}