{
  "000001.pcd": {
    "0": {
      "confidence": 0.8358045220375061,
      "x": 0.4309963881969452,
      "y": 0.374374121427536,
      "w": 0.028387192636728287,
      "h": 0.02781634032726288
    },
    "1": {
      "confidence": 0.8101291656494141,
      "x": 0.6216146945953369,
      "y": 0.34066125750541687,
      "w": 0.028247252106666565,
      "h": 0.027564940974116325
    },
    "2": {
      "confidence": 0.7740924954414368,
      "x": 0.6128262877464294,
      "y": 0.43894264101982117,
      "w": 0.028688881546258926,
      "h": 0.02782534994184971
    },
    "3": {
      "confidence": 0.72471684217453,
      "x": 0.4281861484050751,
      "y": 0.4320353865623474,
      "w": 0.0279046930372715,
      "h": 0.02861633338034153
    },
    "4": {
      "confidence": 0.7197532653808594,
      "x": 0.4288138151168823,
      "y": 0.2917124927043915,
      "w": 0.030171580612659454,
      "h": 0.03001372329890728
    },
    "5": {
      "confidence": 0.7170266509056091,
      "x": 0.5815887451171875,
      "y": 0.208356112241745,
      "w": 0.028478706255555153,
      "h": 0.028378931805491447
    }
  },
  "000002.pcd": {
    "0": {
      "confidence": 0.8320746421813965,
      "x": 0.6227495670318604,
      "y": 0.34093543887138367,
      "w": 0.02865404076874256,
      "h": 0.02759520150721073
    },
    "1": {
      "confidence": 0.8129411339759827,
      "x": 0.43039119243621826,
      "y": 0.3743773102760315,
      "w": 0.02876121550798416,
      "h": 0.02876473218202591
    },
    "2": {
      "confidence": 0.767052412033081,
      "x": 0.6125768423080444,
      "y": 0.43920397758483887,
      "w": 0.028622416779398918,
      "h": 0.026994751766324043
    },
    "3": {
      "confidence": 0.7494954466819763,
      "x": 0.42857396602630615,
      "y": 0.43197596073150635,
      "w": 0.027760392054915428,
      "h": 0.02877546101808548
    }
  },
  "000003.pcd": {
    "0": {
      "confidence": 0.817067563533783,
      "x": 0.43022170662879944,
      "y": 0.37429550290107727,
      "w": 0.028703683987259865,
      "h": 0.028320785611867905
    },
    "1": {
      "confidence": 0.7860708236694336,
      "x": 0.6208605170249939,
      "y": 0.34011784195899963,
      "w": 0.029530096799135208,
      "h": 0.029329383745789528
    },
    "2": {
      "confidence": 0.762294352054596,
      "x": 0.6180965900421143,
      "y": 0.43912577629089355,
      "w": 0.028617119416594505,
      "h": 0.0294219721108675
    },
    "3": {
      "confidence": 0.719607412815094,
      "x": 0.42849841713905334,
      "y": 0.43236044049263,
      "w": 0.027671048417687416,
      "h": 0.028883006423711777
    },
    "4": {
      "confidence": 0.7159181833267212,
      "x": 0.4281649887561798,
      "y": 0.2917715907096863,
      "w": 0.030364789068698883,
      "h": 0.03033510223031044
    }
  },
  "000004.pcd": {
    "0": {
      "confidence": 0.8254685401916504,
      "x": 0.6215541958808899,
      "y": 0.33952006697654724,
      "w": 0.029070422053337097,
      "h": 0.027576878666877747
    },
    "1": {
      "confidence": 0.8198913931846619,
      "x": 0.4310644865036011,
      "y": 0.37515413761138916,
      "w": 0.028857044875621796,
      "h": 0.02841685526072979
    },
    "2": {
      "confidence": 0.7621266841888428,
      "x": 0.6179596781730652,
      "y": 0.43924885988235474,
      "w": 0.028712207451462746,
      "h": 0.029881590977311134
    },
    "3": {
      "confidence": 0.7127360701560974,
      "x": 0.4289543628692627,
      "y": 0.29203858971595764,
      "w": 0.030428441241383553,
      "h": 0.030588023364543915
    },
    "4": {
      "confidence": 0.7117925882339478,
      "x": 0.4280681908130646,
      "y": 0.4318840801715851,
      "w": 0.027891403064131737,
      "h": 0.0292622409760952
    }
  },
  "000005.pcd": {
    "0": {
      "confidence": 0.8211745023727417,
      "x": 0.6207583546638489,
      "y": 0.3397214114665985,
      "w": 0.02896071970462799,
      "h": 0.027740702033042908
    },
    "1": {
      "confidence": 0.8111175894737244,
      "x": 0.429656445980072,
      "y": 0.3741985261440277,
      "w": 0.028781985864043236,
      "h": 0.028514401987195015
    },
    "2": {
      "confidence": 0.7622989416122437,
      "x": 0.6178213357925415,
      "y": 0.43939006328582764,
      "w": 0.028687898069620132,
      "h": 0.029468975961208344
    },
    "3": {
      "confidence": 0.7335824370384216,
      "x": 0.42779070138931274,
      "y": 0.4317483603954315,
      "w": 0.028117762878537178,
      "h": 0.02850908227264881
    },
    "4": {
      "confidence": 0.7301256656646729,
      "x": 0.4661758244037628,
      "y": 0.22658886015415192,
      "w": 0.03076668083667755,
      "h": 0.030960990116000175
    },
    "5": {
      "confidence": 0.7005680799484253,
      "x": 0.4285629987716675,
      "y": 0.29185113310813904,
      "w": 0.030505139380693436,
      "h": 0.031042253598570824
    }
  },
  "000006.pcd": {
    "0": {
      "confidence": 0.8428127765655518,
      "x": 0.6214521527290344,
      "y": 0.3403961658477783,
      "w": 0.02799423225224018,
      "h": 0.0268548596650362
    },
    "1": {
      "confidence": 0.8167546987533569,
      "x": 0.430316686630249,
      "y": 0.3740191161632538,
      "w": 0.02916017547249794,
      "h": 0.028785156086087227
    },
    "2": {
      "confidence": 0.7606781721115112,
      "x": 0.612393319606781,
      "y": 0.4389738440513611,
      "w": 0.02930949255824089,
      "h": 0.02768217772245407
    },
    "3": {
      "confidence": 0.7353379130363464,
      "x": 0.42828238010406494,
      "y": 0.4320758581161499,
      "w": 0.028006304055452347,
      "h": 0.02868604101240635
    },
    "4": {
      "confidence": 0.7323386073112488,
      "x": 0.428578644990921,
      "y": 0.2919432818889618,
      "w": 0.030262835323810577,
      "h": 0.030086476355791092
    }
  },
  "000007.pcd": {
    "0": {
      "confidence": 0.8283815383911133,
      "x": 0.43088090419769287,
      "y": 0.374056339263916,
      "w": 0.02843700535595417,
      "h": 0.028267238289117813
    },
    "1": {
      "confidence": 0.805435061454773,
      "x": 0.6214548945426941,
      "y": 0.3401874303817749,
      "w": 0.02855553664267063,
      "h": 0.027816297486424446
    },
    "2": {
      "confidence": 0.7734867334365845,
      "x": 0.6178761720657349,
      "y": 0.4396427273750305,
      "w": 0.028858937323093414,
      "h": 0.029584409669041634
    },
    "3": {
      "confidence": 0.760728657245636,
      "x": 0.4286857843399048,
      "y": 0.431247353553772,
      "w": 0.02736235223710537,
      "h": 0.028038984164595604
    },
    "4": {
      "confidence": 0.7248405814170837,
      "x": 0.4281172454357147,
      "y": 0.29235780239105225,
      "w": 0.030289126560091972,
      "h": 0.030267314985394478
    }
  },
  "000008.pcd": {
    "0": {
      "confidence": 0.8207467794418335,
      "x": 0.6206057071685791,
      "y": 0.3395087420940399,
      "w": 0.02863261289894581,
      "h": 0.027447793632745743
    },
    "1": {
      "confidence": 0.8038908243179321,
      "x": 0.42995551228523254,
      "y": 0.3738655745983124,
      "w": 0.028959866613149643,
      "h": 0.028782490640878677
    },
    "2": {
      "confidence": 0.7586929202079773,
      "x": 0.6182183623313904,
      "y": 0.4395069479942322,
      "w": 0.0286746546626091,
      "h": 0.02888815850019455
    },
    "3": {
      "confidence": 0.7330981492996216,
      "x": 0.4282959997653961,
      "y": 0.2920096814632416,
      "w": 0.03046575002372265,
      "h": 0.030122559517621994
    },
    "4": {
      "confidence": 0.732925295829773,
      "x": 0.4277764558792114,
      "y": 0.4335990250110626,
      "w": 0.027966473251581192,
      "h": 0.028658214956521988
    }
  },
  "000009.pcd": {
    "0": {
      "confidence": 0.8268097043037415,
      "x": 0.6208519339561462,
      "y": 0.3394339084625244,
      "w": 0.02784798853099346,
      "h": 0.027062343433499336
    },
    "1": {
      "confidence": 0.8131383657455444,