{
  "000010.pcd": {
    "0": {
      "confidence": 0.7705050110816956,
      "x": 0.42790457606315613,
      "y": 0.3759227395057678,
      "w": 0.0271995160728693,
      "h": 0.025828609243035316
    },
    "1": {
      "confidence": 0.7309994697570801,
      "x": 0.6199349164962769,
      "y": 0.3400178551673889,
      "w": 0.02951810508966446,
      "h": 0.027615174651145935
    },
    "2": {
      "confidence": 0.7084946632385254,
      "x": 0.619542121887207,
      "y": 0.43967366218566895,
      "w": 0.02927723154425621,
      "h": 0.02830098383128643
    },
    "3": {
      "confidence": 0.8277745842933655,
      "x": 0.4304269850254059,
      "y": 0.37413156032562256,
      "w": 0.0283045656979084,
      "h": 0.027722883969545364
    },
    "4": {
      "confidence": 0.8107836842536926,
      "x": 0.620786190032959,
      "y": 0.34040260314941406,
      "w": 0.028921235352754593,
      "h": 0.028401024639606476
    },
    "5": {
      "confidence": 0.76006680727005,
      "x": 0.618044376373291,
      "y": 0.4391639530658722,
      "w": 0.028789665549993515,
      "h": 0.029530007392168045
    },
    "6": {
      "confidence": 0.7389754056930542,
      "x": 0.4290420114994049,
      "y": 0.4325593113899231,
      "w": 0.02785669080913067,
      "h": 0.02843649499118328
    },
    "7": {
      "confidence": 0.7299646139144897,
      "x": 0.6131302714347839,
      "y": 0.438994437456131,
      "w": 0.02990512177348137,
      "h": 0.028741080313920975
    },
    "8": {
      "confidence": 0.7201639413833618,
      "x": 0.42796552181243896,
      "y": 0.2922990918159485,
      "w": 0.030308488756418228,
      "h": 0.029801102355122566
    },
    "9": {
      "confidence": 0.7087056040763855,
      "x": 0.6188988089561462,
      "y": 0.44469311833381653,
      "w": 0.02840426377952099,
      "h": 0.028902696445584297
    }
  },
  "000001.pcd": {
    "0": {
      "confidence": 0.7841252684593201,
      "x": 0.42861154675483704,
      "y": 0.37513867020606995,
      "w": 0.02679634653031826,
      "h": 0.025977782905101776
    },
    "1": {
      "confidence": 0.7463921308517456,
      "x": 0.6188822984695435,
      "y": 0.4389171302318573,
      "w": 0.02890421822667122,
      "h": 0.0275485347956419
    },
    "2": {
      "confidence": 0.7238483428955078,
      "x": 0.6211139559745789,
      "y": 0.34049364924430847,
      "w": 0.029033523052930832,
      "h": 0.02780928462743759
    },
    "3": {
      "confidence": 0.7194973230361938,
      "x": 0.6123635768890381,
      "y": 0.4386327564716339,
      "w": 0.029250996187329292,
      "h": 0.027181142941117287
    },
    "4": {
      "confidence": 0.8358045220375061,
      "x": 0.4309963881969452,
      "y": 0.374374121427536,
      "w": 0.028387192636728287,
      "h": 0.02781634032726288
    },
    "5": {
      "confidence": 0.8101291656494141,
      "x": 0.6216146945953369,
      "y": 0.34066125750541687,
      "w": 0.028247252106666565,
      "h": 0.027564940974116325
    },
    "6": {
      "confidence": 0.7740924954414368,
      "x": 0.6128262877464294,
      "y": 0.43894264101982117,
      "w": 0.028688881546258926,
      "h": 0.02782534994184971
    },
    "7": {
      "confidence": 0.7635006904602051,
      "x": 0.617334246635437,
      "y": 0.4391886293888092,
      "w": 0.02845045179128647,
      "h": 0.030491488054394722
    },
    "8": {
      "confidence": 0.72471684217453,
      "x": 0.4281861484050751,
      "y": 0.4320353865623474,
      "w": 0.0279046930372715,
      "h": 0.02861633338034153
    },
    "9": {
      "confidence": 0.7197532653808594,
      "x": 0.4288138151168823,
      "y": 0.2917124927043915,
      "w": 0.030171580612659454,
      "h": 0.03001372329890728
    },
    "10": {
      "confidence": 0.7170266509056091,
      "x": 0.5815887451171875,
      "y": 0.208356112241745,
      "w": 0.028478706255555153,
      "h": 0.028378931805491447
    },
    "11": {
      "confidence": 0.7053574919700623,
      "x": 0.6182618737220764,
      "y": 0.44450750946998596,
      "w": 0.028200270608067513,
      "h": 0.0280799251049757
    }
  },
  "000002.pcd": {
    "0": {
      "confidence": 0.7718546986579895,
      "x": 0.6208288073539734,
      "y": 0.3410588204860687,
      "w": 0.029871035367250443,
      "h": 0.027670079842209816
    },
    "1": {
      "confidence": 0.7272800207138062,
      "x": 0.619446337223053,
      "y": 0.43853557109832764,
      "w": 0.029268329963088036,
      "h": 0.027901532128453255
    },
    "2": {
      "confidence": 0.7123947143554688,
      "x": 0.4285863935947418,
      "y": 0.37518319487571716,
      "w": 0.02703738957643509,
      "h": 0.026230011135339737
    },
    "3": {
      "confidence": 0.8320746421813965,
      "x": 0.6227495670318604,
      "y": 0.34093543887138367,
      "w": 0.02865404076874256,
      "h": 0.02759520150721073
    },
    "4": {
      "confidence": 0.8129411339759827,
      "x": 0.43039119243621826,
      "y": 0.3743773102760315,
      "w": 0.02876121550798416,
      "h": 0.02876473218202591
    },
    "5": {
      "confidence": 0.767052412033081,
      "x": 0.6125768423080444,
      "y": 0.43920397758483887,
      "w": 0.028622416779398918,
      "h": 0.026994751766324043
    },
    "6": {
      "confidence": 0.7621896862983704,
      "x": 0.6177291870117188,
      "y": 0.4387813210487366,
      "w": 0.02855110354721546,
      "h": 0.029455529525876045
    },
    "7": {
      "confidence": 0.7494954466819763,
      "x": 0.42857396602630615,
      "y": 0.43197596073150635,
      "w": 0.027760392054915428,
      "h": 0.02877546101808548
    }
  },
  "000003.pcd": {
    "0": {
      "confidence": 0.7479948401451111,
      "x": 0.4279539883136749,
      "y": 0.3756335973739624,
      "w": 0.027230706065893173,
      "h": 0.026589004322886467
    },
    "1": {
      "confidence": 0.7349064946174622,
      "x": 0.6190756559371948,
      "y": 0.43854668736457825,
      "w": 0.029782649129629135,
      "h": 0.028916101902723312
    },
    "2": {
      "confidence": 0.7005473375320435,
      "x": 0.6117386221885681,
      "y": 0.439630389213562,
      "w": 0.02885352447628975,
      "h": 0.027992838993668556
    },
    "3": {
      "confidence": 0.817067563533783,
      "x": 0.43022170662879944,
      "y": 0.37429550290107727,
      "w": 0.028703683987259865,
      "h": 0.028320785611867905
    },
    "4": {
      "confidence": 0.7860708236694336,
      "x": 0.6208605170249939,
      "y": 0.34011784195899963,
      "w": 0.029530096799135208,
      "h": 0.029329383745789528
    },
    "5": {
      "confidence": 0.762294352054596,
      "x": 0.6180965900421143,
      "y": 0.43912577629089355,
      "w": 0.028617119416594505,
      "h": 0.0294219721108675
    },
    "6": {
      "confidence": 0.7489444613456726,
      "x": 0.6127355098724365,
      "y": 0.43908795714378357,
      "w": 0.02957293763756752,
      "h": 0.0279585849493742
    },
    "7": {
      "confidence": 0.719607412815094,
      "x": 0.42849841713905334,
      "y": 0.43236044049263,
      "w": 0.027671048417687416,
      "h": 0.028883006423711777
    },
    "8": {
      "confidence": 0.7159181833267212,
      "x": 0.4281649887561798,
      "y": 0.2917715907096863,
      "w": 0.030364789068698883,
      "h": 0.03033510223031044
    }
  },
  "000004.pcd": {
    "0": {
      "confidence": 0.7607666850090027,
      "x": 0.6199918389320374,
      "y": 0.33925729990005493,
      "w": 0.02991306595504284,
      "h": 0.028353793546557426
    },
    "1": {
      "confidence": 0.7404389381408691,
      "x": 0.4288584887981415,
      "y": 0.3750329613685608,
      "w": 0.027201958000659943,
      "h": 0.026876175776124
    },
    "2": {
      "confidence": 0.8254685401916504,
      "x": 0.6215541958808899,
      "y": 0.33952006697654724,
      "w": 0.029070422053337097,
      "h": 0.027576878666877747
    },
    "3": {
      "confidence": 0.8198913931846619,
      "x": 0.4310644865036011,
      "y": 0.37515413761138916,
      "w": 0.028857044875621796,