{
  "000004.pcd": {
    "0": {
      "confidence": 0.8299436569213867,
      "x": 0.6207255721092224,
      "y": 0.3393271267414093,
      "w": 0.026913324370980263,
      "h": 0.02635212615132332
    },
    "1": {
      "confidence": 0.8069045543670654,
      "x": 0.428894966840744,
      "y": 0.37448444962501526,
      "w": 0.027293629944324493,
      "h": 0.02590077556669712
    },
    "2": {
      "confidence": 0.8013520836830139,
      "x": 0.6129134297370911,
      "y": 0.4376993477344513,
      "w": 0.026676852256059647,
      "h": 0.02681625820696354
    },
    "3": {
      "confidence": 0.8003425598144531,
      "x": 0.42597758769989014,
      "y": 0.29200875759124756,
      "w": 0.028095433488488197,
      "h": 0.02794303372502327
    },
    "4": {
      "confidence": 0.7333654761314392,
      "x": 0.4269472658634186,
      "y": 0.43126749992370605,
      "w": 0.028276219964027405,
      "h": 0.027415188029408455
    }
  }
}