{
  "000001.pcd": {
    "0": {
      "confidence": 0.8358045220375061,
      "x": 0.4309963881969452,
      "y": 0.374374121427536,
      "w": 0.028387192636728287,
      "h": 0.02781634032726288
    },
    "1": {
      "confidence": 0.8101291656494141,
      "x": 0.6216146945953369,
      "y": 0.34066125750541687,
      "w": 0.028247252106666565,
      "h": 0.027564940974116325
    },
    "2": {
      "confidence": 0.7740924954414368,
      "x": 0.6128262877464294,
      "y": 0.43894264101982117,
      "w": 0.028688881546258926,
      "h": 0.02782534994184971
    },
    "3": {
      "confidence": 0.72471684217453,
      "x": 0.4281861484050751,
      "y": 0.4320353865623474,
      "w": 0.0279046930372715,
      "h": 0.02861633338034153
    },
    "4": {
      "confidence": 0.7197532653808594,
      "x": 0.4288138151168823,
      "y": 0.2917124927043915,
      "w": 0.030171580612659454,
      "h": 0.03001372329890728
    },
    "5": {
      "confidence": 0.7170266509056091,
      "x": 0.5815887451171875,
      "y": 0.208356112241745,
      "w": 0.028478706255555153,
      "h": 0.028378931805491447
    }
  },
  "000002.pcd": {
    "0": {
      "confidence": 0.8320746421813965,
      "x": 0.6227495670318604,
      "y": 0.34093543887138367,
      "w": 0.02865404076874256,
      "h": 0.02759520150721073
    },
    "1": {
      "confidence": 0.8129411339759827,
      "x": 0.43039119243621826,
      "y": 0.3743773102760315,
      "w": 0.02876121550798416,
      "h": 0.02876473218202591
    },
    "2": {
      "confidence": 0.767052412033081,
      "x": 0.6125768423080444,
      "y": 0.43920397758483887,
      "w": 0.028622416779398918,
      "h": 0.026994751766324043
    },
    "3": {
      "confidence": 0.7494954466819763,
      "x": 0.42857396602630615,
      "y": 0.43197596073150635,
      "w": 0.027760392054915428,
      "h": 0.02877546101808548
    }
  },
  "000003.pcd": {
    "0": {
      "confidence": 0.817067563533783,
      "x": 0.43022170662879944,
      "y": 0.37429550290107727,
      "w": 0.028703683987259865,
      "h": 0.028320785611867905
    },
    "1": {
      "confidence": 0.7860708236694336,
      "x": 0.6208605170249939,
      "y": 0.34011784195899963,
      "w": 0.029530096799135208,
      "h": 0.029329383745789528
    },
    "2": {
      "confidence": 0.762294352054596,
      "x": 0.6180965900421143,
      "y": 0.43912577629089355,
      "w": 0.028617119416594505,
      "h": 0.0294219721108675
    },
    "3": {
      "confidence": 0.719607412815094,
      "x": 0.42849841713905334,
      "y": 0.43236044049263,
      "w": 0.027671048417687416,
      "h": 0.028883006423711777
    },
    "4": {
      "confidence": 0.7159181833267212,
      "x": 0.4281649887561798,
      "y": 0.2917715907096863,
      "w": 0.030364789068698883,
      "h": 0.03033510223031044
    }
  }
}