{
  "000001.pcd": {
    "0": {
      "confidence": 0.8222513198852539,
      "x": 0.6191576719284058,
      "y": 0.3400348424911499,
      "w": 0.027623251080513,
      "h": 0.027230486273765564
    },
    "1": {
      "confidence": 0.8206561803817749,
      "x": 0.42888298630714417,
      "y": 0.37422239780426025,
      "w": 0.027232525870203972,
      "h": 0.025846345350146294
    },
    "2": {
      "confidence": 0.7925441265106201,
      "x": 0.6129876971244812,
      "y": 0.43863528966903687,
      "w": 0.027172353118658066,
      "h": 0.0267239548265934
    },
    "3": {
      "confidence": 0.7596398591995239,
      "x": 0.4276023209095001,
      "y": 0.43239542841911316,
      "w": 0.02813337743282318,
      "h": 0.02716885320842266
    },
    "4": {
      "confidence": 0.7522425055503845,
      "x": 0.42596346139907837,
      "y": 0.2924145460128784,
      "w": 0.029458384960889816,
      "h": 0.028850192204117775
    },
    "5": {
      "confidence": 0.736638605594635,
      "x": 0.5813851356506348,
      "y": 0.2075887769460678,
      "w": 0.02959326282143593,
      "h": 0.028515754267573357
    }
  },
  "000002.pcd": {
    "0": {
      "confidence": 0.8236697912216187,
      "x": 0.6192940473556519,
      "y": 0.34050318598747253,
      "w": 0.027712609618902206,
      "h": 0.027243616059422493
    },
    "1": {
      "confidence": 0.8201755881309509,
      "x": 0.6178531646728516,
      "y": 0.4386260211467743,
      "w": 0.02830377034842968,
      "h": 0.027455871924757957
    },
    "2": {
      "confidence": 0.8184205293655396,
      "x": 0.4290653169155121,
      "y": 0.37520208954811096,
      "w": 0.027870740741491318,
      "h": 0.026026496663689613
    },
    "3": {
      "confidence": 0.7815772294998169,
      "x": 0.42600175738334656,
      "y": 0.29241931438446045,
      "w": 0.029811901971697807,
      "h": 0.028825189918279648
    },
    "4": {
      "confidence": 0.7525281310081482,
      "x": 0.4272157847881317,
      "y": 0.4326401650905609,
      "w": 0.02786308340728283,
      "h": 0.02739649824798107
    },
    "5": {
      "confidence": 0.7213854789733887,
      "x": 0.5808908343315125,
      "y": 0.20802126824855804,
      "w": 0.029250845313072205,
      "h": 0.02855883724987507
    }
  },
  "000003.pcd": {
    "0": {
      "confidence": 0.8072582483291626,
      "x": 0.6199800968170166,
      "y": 0.33954012393951416,
      "w": 0.028397424146533012,
      "h": 0.027723390609025955
    },
    "1": {
      "confidence": 0.794102132320404,
      "x": 0.4294567406177521,
      "y": 0.37492313981056213,
      "w": 0.028056034818291664,
      "h": 0.02645588293671608
    },
    "2": {
      "confidence": 0.7910056710243225,
      "x": 0.4263358414173126,
      "y": 0.2921159863471985,
      "w": 0.028664518147706985,
      "h": 0.028390057384967804
    },
    "3": {
      "confidence": 0.7829733490943909,
      "x": 0.6131014227867126,
      "y": 0.43788930773735046,
      "w": 0.026792213320732117,
      "h": 0.026564495638012886
    },
    "4": {
      "confidence": 0.7641777396202087,
      "x": 0.4271423816680908,
      "y": 0.432146817445755,
      "w": 0.02818937413394451,
      "h": 0.027177639305591583
    }
  },
  "000004.pcd": {
    "0": {
      "confidence": 0.8299436569213867,
      "x": 0.6207255721092224,
      "y": 0.3393271267414093,
      "w": 0.026913324370980263,
      "h": 0.02635212615132332
    },
    "1": {
      "confidence": 0.8069045543670654,
      "x": 0.428894966840744,
      "y": 0.37448444962501526,
      "w": 0.027293629944324493,
      "h": 0.02590077556669712
    },
    "2": {
      "confidence": 0.8013520836830139,
      "x": 0.6129134297370911,
      "y": 0.4376993477344513,
      "w": 0.026676852256059647,
      "h": 0.02681625820696354
    },
    "3": {
      "confidence": 0.8003425598144531,
      "x": 0.42597758769989014,
      "y": 0.29200875759124756,
      "w": 0.028095433488488197,
      "h": 0.02794303372502327
    },
    "4": {
      "confidence": 0.7333654761314392,
      "x": 0.4269472658634186,
      "y": 0.43126749992370605,
      "w": 0.028276219964027405,
      "h": 0.027415188029408455
    }
  },
  "000005.pcd": {
    "0": {
      "confidence": 0.8456155061721802,
      "x": 0.6202619671821594,
      "y": 0.3397262394428253,
      "w": 0.027471937239170074,
      "h": 0.026937486603856087
    },
    "1": {
      "confidence": 0.8136775493621826,
      "x": 0.42864885926246643,
      "y": 0.37475278973579407,
      "w": 0.027212966233491898,
      "h": 0.025968434289097786
    },
    "2": {
      "confidence": 0.791598916053772,
      "x": 0.6124739050865173,
      "y": 0.4379151463508606,
      "w": 0.027056463062763214,
      "h": 0.026983143761754036
    },
    "3": {
      "confidence": 0.7881207466125488,
      "x": 0.4258177578449249,
      "y": 0.2921757698059082,
      "w": 0.028848830610513687,
      "h": 0.02836523950099945
    },
    "4": {
      "confidence": 0.7778000831604004,
      "x": 0.42670518159866333,
      "y": 0.43271127343177795,
      "w": 0.027141619473695755,
      "h": 0.02731464058160782
    },
    "5": {
      "confidence": 0.7280308604240417,
      "x": 0.4677417278289795,
      "y": 0.22481293976306915,
      "w": 0.03291312977671623,
      "h": 0.03196822479367256
    },
    "6": {
      "confidence": 0.7113497257232666,
      "x": 0.5802783966064453,
      "y": 0.2078760266304016,
      "w": 0.028882743790745735,
      "h": 0.028339805081486702
    }
  },
  "000006.pcd": {
    "0": {
      "confidence": 0.8396573662757874,
      "x": 0.6195219159126282,
      "y": 0.3403688073158264,
      "w": 0.027016181498765945,
      "h": 0.026359831914305687
    },
    "1": {
      "confidence": 0.8134294748306274,
      "x": 0.4292455315589905,
      "y": 0.3754246234893799,
      "w": 0.027297494933009148,
      "h": 0.025785012170672417
    },
    "2": {
      "confidence": 0.7996148467063904,
      "x": 0.617766261100769,
      "y": 0.4386245310306549,
      "w": 0.028359809890389442,
      "h": 0.027416858822107315
    },
    "3": {
      "confidence": 0.792701780796051,
      "x": 0.4268289804458618,
      "y": 0.4317149221897125,
      "w": 0.027066323906183243,
      "h": 0.026707462966442108
    },
    "4": {
      "confidence": 0.7833313941955566,
      "x": 0.42561283707618713,
      "y": 0.29236721992492676,
      "w": 0.028600135818123817,
      "h": 0.0281040221452713
    },
    "5": {
      "confidence": 0.718754231929779,
      "x": 0.5810188055038452,
      "y": 0.20817087590694427,
      "w": 0.02882421389222145,
      "h": 0.02831437438726425
    }
  }
}