{
  "000390.pcd": {
    "0": {
      "confidence": 0.7958123683929443,
      "x": 0.6851286292076111,
      "y": 0.3794291317462921,
      "w": 0.02993266098201275,
      "h": 0.0291467122733593
    },
    "1": {
      "confidence": 0.792144238948822,
      "x": 0.6564390063285828,
      "y": 0.1602196991443634,
      "w": 0.028783194720745087,
      "h": 0.028604354709386826
    },
    "2": {
      "confidence": 0.7470983862876892,
      "x": 0.5041070580482483,
      "y": 0.26224374771118164,
      "w": 0.0279268566519022,
      "h": 0.027749037370085716
    },
    "3": {
      "confidence": 0.743984043598175,
      "x": 0.6100177764892578,
      "y": 0.4098961353302002,
      "w": 0.02896828204393387,
      "h": 0.028601596131920815
    },
    "4": {
      "confidence": 0.740627646446228,
      "x": 0.4066700041294098,
      "y": 0.3874393403530121,
      "w": 0.029639463871717453,
      "h": 0.029061438515782356
    },
    "5": {
      "confidence": 0.7389171123504639,
      "x": 0.60316002368927,
      "y": 0.20378689467906952,
      "w": 0.030131950974464417,
      "h": 0.028714559972286224
    },
    "6": {
      "confidence": 0.7363312244415283,
      "x": 0.4552159011363983,
      "y": 0.31874367594718933,
      "w": 0.02915409579873085,
      "h": 0.028972400352358818
    },
    "7": {
      "confidence": 0.7201413512229919,
      "x": 0.5700981616973877,
      "y": 0.4842166006565094,
      "w": 0.03091389499604702,
      "h": 0.030486660078167915
    },
    "8": {
      "confidence": 0.6917022466659546,
      "x": 0.388031005859375,
      "y": 0.45796433091163635,
      "w": 0.029154855757951736,
      "h": 0.029635213315486908
    }
  },
  "000391.pcd": {
    "0": {
      "confidence": 0.7955814599990845,
      "x": 0.4067400097846985,
      "y": 0.3893912136554718,
      "w": 0.028585858643054962,
      "h": 0.028126182034611702
    },
    "1": {
      "confidence": 0.7942363023757935,
      "x": 0.5683595538139343,
      "y": 0.48735255002975464,
      "w": 0.028712589293718338,
      "h": 0.028523994609713554
    },
    "2": {
      "confidence": 0.794127345085144,
      "x": 0.6848208904266357,
      "y": 0.38017669320106506,
      "w": 0.029695164412260056,
      "h": 0.028833920136094093
    },
    "3": {
      "confidence": 0.7769049406051636,
      "x": 0.49768778681755066,
      "y": 0.26631349325180054,
      "w": 0.02819516696035862,
      "h": 0.028738724067807198
    },
    "4": {
      "confidence": 0.7710103392601013,
      "x": 0.6503197550773621,
      "y": 0.16069605946540833,
      "w": 0.028325797989964485,
      "h": 0.028223665431141853
    },
    "5": {
      "confidence": 0.7602616548538208,
      "x": 0.6057116985321045,
      "y": 0.2032395601272583,
      "w": 0.02792511321604252,
      "h": 0.0283556766808033
    },
    "6": {
      "confidence": 0.753373384475708,
      "x": 0.4548198878765106,
      "y": 0.32451972365379333,
      "w": 0.02930944599211216,
      "h": 0.02978331968188286
    },
    "7": {
      "confidence": 0.7485623955726624,
      "x": 0.38232511281967163,
      "y": 0.4660241901874542,
      "w": 0.03030366450548172,
      "h": 0.02901710569858551
    },
    "8": {
      "confidence": 0.7229843139648438,
      "x": 0.6081458926200867,
      "y": 0.4109441339969635,
      "w": 0.028675267472863197,
      "h": 0.028293052688241005
    },
    "9": {
      "confidence": 0.6837176084518433,
      "x": 0.56070876121521,
      "y": 0.23787328600883484,
      "w": 0.028754623606801033,
      "h": 0.028068549931049347
    }
  },
  "000392.pcd": {
    "0": {
      "confidence": 0.8166478276252747,
      "x": 0.40372660756111145,
      "y": 0.39056769013404846,
      "w": 0.02961108274757862,
      "h": 0.029338914901018143
    },
    "1": {
      "confidence": 0.798900306224823,
      "x": 0.49583208560943604,
      "y": 0.27290958166122437,
      "w": 0.028434300795197487,
      "h": 0.028692055493593216
    },
    "2": {
      "confidence": 0.7752450704574585,
      "x": 0.6820924878120422,
      "y": 0.3815526068210602,
      "w": 0.02912336215376854,
      "h": 0.02897266112267971
    },
    "3": {
      "confidence": 0.7491637468338013,
      "x": 0.3818926513195038,
      "y": 0.47101232409477234,
      "w": 0.029264753684401512,
      "h": 0.02935563027858734
    },
    "4": {
      "confidence": 0.7486330270767212,
      "x": 0.5662198066711426,
      "y": 0.49146243929862976,
      "w": 0.02907625213265419,
      "h": 0.028962336480617523
    },
    "5": {
      "confidence": 0.737446129322052,
      "x": 0.6019204258918762,
      "y": 0.2058434635400772,
      "w": 0.02674700692296028,
      "h": 0.02767123654484749
    },
    "6": {
      "confidence": 0.7366718053817749,
      "x": 0.6067093014717102,
      "y": 0.4138328731060028,
      "w": 0.029666289687156677,
      "h": 0.028810588642954826
    },
    "7": {
      "confidence": 0.733813464641571,
      "x": 0.5542956590652466,
      "y": 0.24065753817558289,
      "w": 0.027966292575001717,
      "h": 0.028967637568712234
    },
    "8": {
      "confidence": 0.7306632399559021,
      "x": 0.6468195915222168,
      "y": 0.16212718188762665,
      "w": 0.027342120185494423,
      "h": 0.027662573382258415
    },
    "9": {
      "confidence": 0.7065220475196838,
      "x": 0.4514801502227783,
      "y": 0.3263145685195923,
      "w": 0.029902618378400803,
      "h": 0.030197931453585625
    }
  },
  "000393.pcd": {
    "0": {
      "confidence": 0.8180820345878601,
      "x": 0.551843523979187,
      "y": 0.2463224232196808,
      "w": 0.028788067400455475,
      "h": 0.028469474986195564
    },
    "1": {
      "confidence": 0.8162756562232971,
      "x": 0.4031578004360199,
      "y": 0.3958025574684143,
      "w": 0.02851450815796852,
      "h": 0.02788100577890873
    },
    "2": {
      "confidence": 0.7927447557449341,
      "x": 0.6057834029197693,
      "y": 0.4174841642379761,
      "w": 0.02887924388051033,
      "h": 0.02783329039812088
    },
    "3": {
      "confidence": 0.7620606422424316,
      "x": 0.5667393207550049,
      "y": 0.49065259099006653,
      "w": 0.02938905730843544,
      "h": 0.029621634632349014
    },
    "4": {
      "confidence": 0.755164623260498,
      "x": 0.38140079379081726,
      "y": 0.4744575321674347,
      "w": 0.02921975962817669,
      "h": 0.029189474880695343
    },
    "5": {
      "confidence": 0.7471160292625427,
      "x": 0.4476812481880188,
      "y": 0.3312152028083801,
      "w": 0.02881334163248539,
      "h": 0.028449280187487602
    },
    "6": {
      "confidence": 0.7411406636238098,
      "x": 0.49316316843032837,
      "y": 0.27789196372032166,
      "w": 0.02843216434121132,
      "h": 0.02847912721335888
    },
    "7": {
      "confidence": 0.6825671195983887,
      "x": 0.6833974123001099,
      "y": 0.3813098669052124,
      "w": 0.029559854418039322,
      "h": 0.029941467568278313
    }
  },
  "000394.pcd": {
    "0": {
      "confidence": 0.7952398061752319,
      "x": 0.5484851598739624,
      "y": 0.2512866258621216,
      "w": 0.028092877939343452,
      "h": 0.027785474434494972
    },
    "1": {
      "confidence": 0.7908245325088501,
      "x": 0.3986321985721588,
      "y": 0.40121281147003174,
      "w": 0.028490934520959854,
      "h": 0.028021717444062233
    },
    "2": {
      "confidence": 0.7867308259010315,
      "x": 0.6032161116600037,
      "y": 0.4182606041431427,
      "w": 0.02831810899078846,
      "h": 0.0277590099722147
    },
    "3": {
      "confidence": 0.7652451395988464,
      "x": 0.4464153051376343,
      "y": 0.3336979150772095,
      "w": 0.028276236727833748,
      "h": 0.0284416601061821
    },
    "4": {
      "confidence": 0.7591536641120911,
      "x": 0.5668965578079224,
      "y": 0.495303213596344,
      "w": 0.028242146596312523,
      "h": 0.028113694861531258
    },
    "5": {
      "confidence": 0.7455653548240662,
      "x": 0.6798197031021118,
      "y": 0.38209256529808044,
      "w": 0.029310060665011406,