{
  "000007.pcd": {
    "0": {
      "confidence": 0.8283815383911133,
      "x": 0.43088090419769287,
      "y": 0.374056339263916,
      "w": 0.02843700535595417,
      "h": 0.028267238289117813
    },
    "1": {
      "confidence": 0.805435061454773,
      "x": 0.6214548945426941,
      "y": 0.3401874303817749,
      "w": 0.02855553664267063,
      "h": 0.027816297486424446
    },
    "2": {
      "confidence": 0.7734867334365845,
      "x": 0.6178761720657349,
      "y": 0.4396427273750305,
      "w": 0.028858937323093414,
      "h": 0.029584409669041634
    },
    "3": {
      "confidence": 0.760728657245636,
      "x": 0.4286857843399048,
      "y": 0.431247353553772,
      "w": 0.02736235223710537,
      "h": 0.028038984164595604
    },
    "4": {
      "confidence": 0.7248405814170837,
      "x": 0.4281172454357147,
      "y": 0.29235780239105225,
      "w": 0.030289126560091972,
      "h": 0.030267314985394478
    }
  },
  "000008.pcd": {
    "0": {
      "confidence": 0.8207467794418335,
      "x": 0.6206057071685791,
      "y": 0.3395087420940399,
      "w": 0.02863261289894581,
      "h": 0.027447793632745743
    },
    "1": {
      "confidence": 0.8038908243179321,
      "x": 0.42995551228523254,
      "y": 0.3738655745983124,
      "w": 0.028959866613149643,
      "h": 0.028782490640878677
    },
    "2": {
      "confidence": 0.7586929202079773,
      "x": 0.6182183623313904,
      "y": 0.4395069479942322,
      "w": 0.0286746546626091,
      "h": 0.02888815850019455
    },
    "3": {
      "confidence": 0.7330981492996216,
      "x": 0.4282959997653961,
      "y": 0.2920096814632416,
      "w": 0.03046575002372265,
      "h": 0.030122559517621994
    },
    "4": {
      "confidence": 0.732925295829773,
      "x": 0.4277764558792114,
      "y": 0.4335990250110626,
      "w": 0.027966473251581192,
      "h": 0.028658214956521988
    }
  },
  "000009.pcd": {
    "0": {
      "confidence": 0.8268097043037415,
      "x": 0.6208519339561462,
      "y": 0.3394339084625244,
      "w": 0.02784798853099346,
      "h": 0.027062343433499336
    },
    "1": {
      "confidence": 0.8131383657455444,
      "x": 0.4300832450389862,
      "y": 0.3746769428253174,
      "w": 0.02862943708896637,
      "h": 0.028792450204491615
    },
    "2": {
      "confidence": 0.7649865746498108,
      "x": 0.6174401044845581,
      "y": 0.4392915964126587,
      "w": 0.028624562546610832,
      "h": 0.03002483770251274
    },
    "3": {
      "confidence": 0.7270516753196716,
      "x": 0.5810365080833435,
      "y": 0.20777903497219086,
      "w": 0.027661241590976715,
      "h": 0.027546081691980362
    },
    "4": {
      "confidence": 0.7211805582046509,
      "x": 0.42815297842025757,
      "y": 0.43207409977912903,
      "w": 0.027947071939706802,
      "h": 0.028972167521715164
    }
  },
  "000010.pcd": {
    "0": {
      "confidence": 0.8277745842933655,
      "x": 0.4304269850254059,
      "y": 0.37413156032562256,
      "w": 0.0283045656979084,
      "h": 0.027722883969545364
    },
    "1": {
      "confidence": 0.8107836842536926,
      "x": 0.620786190032959,
      "y": 0.34040260314941406,
      "w": 0.028921235352754593,
      "h": 0.028401024639606476
    },
    "2": {
      "confidence": 0.76006680727005,
      "x": 0.618044376373291,
      "y": 0.4391639530658722,
      "w": 0.028789665549993515,
      "h": 0.029530007392168045
    },
    "3": {
      "confidence": 0.7389754056930542,
      "x": 0.4290420114994049,
      "y": 0.4325593113899231,
      "w": 0.02785669080913067,
      "h": 0.02843649499118328
    },
    "4": {
      "confidence": 0.7201639413833618,
      "x": 0.42796552181243896,
      "y": 0.2922990918159485,
      "w": 0.030308488756418228,
      "h": 0.029801102355122566
    }
  }
}