{
  "000400.pcd": {
    "0": {
      "confidence": 0.8209263682365417,
      "x": 0.5661159157752991,
      "y": 0.2255587875843048,
      "w": 0.027405764907598495,
      "h": 0.027921751141548157
    },
    "1": {
      "confidence": 0.8207026124000549,
      "x": 0.391063928604126,
      "y": 0.43080589175224304,
      "w": 0.027275703847408295,
      "h": 0.02707180753350258
    },
    "2": {
      "confidence": 0.8051629662513733,
      "x": 0.42938879132270813,
      "y": 0.36640119552612305,
      "w": 0.027146203443408012,
      "h": 0.026569800451397896
    },
    "3": {
      "confidence": 0.7587823271751404,
      "x": 0.5956169366836548,
      "y": 0.4328855276107788,
      "w": 0.025638649240136147,
      "h": 0.025908324867486954
    },
    "4": {
      "confidence": 0.7541099786758423,
      "x": 0.4669070839881897,
      "y": 0.30518966913223267,
      "w": 0.027820758521556854,
      "h": 0.02927868813276291
    },
    "5": {
      "confidence": 0.7378361821174622,
      "x": 0.6089801788330078,
      "y": 0.1785404235124588,
      "w": 0.02797050215303898,
      "h": 0.02874867059290409
    },
    "6": {
      "confidence": 0.7106821537017822,
      "x": 0.5629525184631348,
      "y": 0.5090926289558411,
      "w": 0.030502445995807648,
      "h": 0.031322211027145386
    },
    "7": {
      "confidence": 0.6077694296836853,
      "x": 0.5250130891799927,
      "y": 0.27213868498802185,
      "w": 0.030916718766093254,
      "h": 0.029842905700206757
    }
  },
  "000401.pcd": {
    "0": {
      "confidence": 0.783838152885437,
      "x": 0.38872507214546204,
      "y": 0.4358939826488495,
      "w": 0.027886368334293365,
      "h": 0.027748560532927513
    },
    "1": {
      "confidence": 0.7790002226829529,
      "x": 0.42812132835388184,
      "y": 0.3710358142852783,
      "w": 0.02909369021654129,
      "h": 0.028499538078904152
    },
    "2": {
      "confidence": 0.7667964696884155,
      "x": 0.5218566060066223,
      "y": 0.27280017733573914,
      "w": 0.031183307990431786,
      "h": 0.029841039329767227
    },
    "3": {
      "confidence": 0.7509825229644775,
      "x": 0.5622553825378418,
      "y": 0.2272857278585434,
      "w": 0.02684444934129715,
      "h": 0.027810102328658104
    },
    "4": {
      "confidence": 0.7365252375602722,
      "x": 0.6022443771362305,
      "y": 0.18148934841156006,
      "w": 0.02817443758249283,
      "h": 0.028041483834385872
    },
    "5": {
      "confidence": 0.7271612882614136,
      "x": 0.591690182685852,
      "y": 0.4371357262134552,
      "w": 0.028150098398327827,
      "h": 0.028608866035938263
    },
    "6": {
      "confidence": 0.6668628454208374,
      "x": 0.5626378059387207,
      "y": 0.5095552206039429,
      "w": 0.030693750828504562,
      "h": 0.032163456082344055
    }
  },
  "000402.pcd": {
    "0": {
      "confidence": 0.7824234962463379,
      "x": 0.5154814720153809,
      "y": 0.2770226299762726,
      "w": 0.02747447043657303,
      "h": 0.03003706783056259
    },
    "1": {
      "confidence": 0.7693328261375427,
      "x": 0.41905295848846436,
      "y": 0.3729739189147949,
      "w": 0.02830445021390915,
      "h": 0.028599588200449944
    },
    "2": {
      "confidence": 0.767972469329834,
      "x": 0.3895544409751892,
      "y": 0.4452936351299286,
      "w": 0.029897654429078102,
      "h": 0.029437925666570663
    },
    "3": {
      "confidence": 0.7614855170249939,
      "x": 0.589713990688324,
      "y": 0.4390592873096466,
      "w": 0.028509244322776794,
      "h": 0.02856229990720749
    },
    "4": {
      "confidence": 0.7303820252418518,
      "x": 0.5977519750595093,
      "y": 0.18245945870876312,
      "w": 0.028331812471151352,
      "h": 0.02828393690288067
    },
    "5": {
      "confidence": 0.7260666489601135,
      "x": 0.5603517889976501,
      "y": 0.23684267699718475,
      "w": 0.028967883437871933,
      "h": 0.028833547607064247
    },
    "6": {
      "confidence": 0.7252002358436584,
      "x": 0.4571702480316162,
      "y": 0.31597408652305603,
      "w": 0.029747700318694115,
      "h": 0.02978799305856228
    },
    "7": {
      "confidence": 0.6391674876213074,
      "x": 0.5628138184547424,
      "y": 0.5129101276397705,
      "w": 0.03065391629934311,
      "h": 0.03130432963371277
    }
  },
  "000403.pcd": {
    "0": {
      "confidence": 0.8126192688941956,
      "x": 0.5924471020698547,
      "y": 0.1854822039604187,
      "w": 0.028127439320087433,
      "h": 0.028878767043352127
    },
    "1": {
      "confidence": 0.7798671722412109,
      "x": 0.4161183834075928,
      "y": 0.37897154688835144,
      "w": 0.027712298557162285,
      "h": 0.028048021718859673
    },
    "2": {
      "confidence": 0.7715268135070801,
      "x": 0.45626920461654663,
      "y": 0.31984150409698486,
      "w": 0.028687255457043648,
      "h": 0.029000166803598404
    },
    "3": {
      "confidence": 0.7534055709838867,
      "x": 0.38836681842803955,
      "y": 0.4473414719104767,
      "w": 0.028706766664981842,
      "h": 0.02781357802450657
    },
    "4": {
      "confidence": 0.7384413480758667,
      "x": 0.5901054739952087,
      "y": 0.44232094287872314,
      "w": 0.02858206257224083,
      "h": 0.02788335271179676
    },
    "5": {
      "confidence": 0.7089323997497559,
      "x": 0.5527392625808716,
      "y": 0.23634323477745056,
      "w": 0.02793685346841812,
      "h": 0.029662994667887688
    },
    "6": {
      "confidence": 0.6905840039253235,
      "x": 0.4355378746986389,
      "y": 0.35963714122772217,
      "w": 0.026870382949709892,
      "h": 0.026925716549158096
    },
    "7": {
      "confidence": 0.652793824672699,
      "x": 0.5120422840118408,
      "y": 0.2793278396129608,
      "w": 0.029092317447066307,
      "h": 0.030839309096336365
    }
  },
  "000404.pcd": {
    "0": {
      "confidence": 0.7900405526161194,
      "x": 0.38770830631256104,
      "y": 0.45069608092308044,
      "w": 0.026171080768108368,
      "h": 0.025114599615335464
    },
    "1": {
      "confidence": 0.7695708274841309,
      "x": 0.5480520129203796,
      "y": 0.23931342363357544,
      "w": 0.02919776737689972,
      "h": 0.029096068814396858
    },
    "2": {
      "confidence": 0.7669377326965332,
      "x": 0.4170239269733429,
      "y": 0.3866206407546997,
      "w": 0.028796538710594177,
      "h": 0.028497392311692238
    },
    "3": {
      "confidence": 0.7450947165489197,
      "x": 0.5859054327011108,
      "y": 0.18826468288898468,
      "w": 0.028239551931619644,
      "h": 0.028725404292345047
    },
    "4": {
      "confidence": 0.733277440071106,
      "x": 0.5883483290672302,
      "y": 0.4475299119949341,
      "w": 0.02910158410668373,
      "h": 0.029584085568785667
    },
    "5": {
      "confidence": 0.7329015731811523,
      "x": 0.4531465768814087,
      "y": 0.3236868381500244,
      "w": 0.028918489813804626,
      "h": 0.029042178764939308
    },
    "6": {
      "confidence": 0.682067334651947,
      "x": 0.5629788637161255,
      "y": 0.5160109996795654,
      "w": 0.03019741363823414,
      "h": 0.030833881348371506
    }
  },
  "000405.pcd": {
    "0": {
      "confidence": 0.8643211722373962,
      "x": 0.41447073221206665,
      "y": 0.3885178565979004,
      "w": 0.02774951048195362,
      "h": 0.027927376329898834
    },
    "1": {
      "confidence": 0.7974254488945007,
      "x": 0.3816378712654114,
      "y": 0.4577491581439972,
      "w": 0.028412142768502235,
      "h": 0.02859393320977688
    },
    "2": {
      "confidence": 0.7310168147087097,
      "x": 0.451331228017807,
      "y": 0.3303792476654053,
      "w": 0.028878655284643173,
      "h": 0.0295744426548481
    },
    "3": {
      "confidence": 0.7201796770095825,
      "x": 0.5818313360214233,
      "y": 0.19475995004177094,
      "w": 0.029169000685214996,
      "h": 0.028282957151532173
    },
    "4": {
      "confidence": 0.7101631760597229,
      "x": 0.5049304962158203,