{
  "000001.pcd": {
    "0": {
      "confidence": 0.8222513198852539,
      "x": 0.6191576719284058,
      "y": 0.3400348424911499,
      "w": 0.027623251080513,
      "h": 0.027230486273765564
    },
    "1": {
      "confidence": 0.8206561803817749,
      "x": 0.42888298630714417,
      "y": 0.37422239780426025,
      "w": 0.027232525870203972,
      "h": 0.025846345350146294
    },
    "2": {
      "confidence": 0.7925441265106201,
      "x": 0.6129876971244812,
      "y": 0.43863528966903687,
      "w": 0.027172353118658066,
      "h": 0.0267239548265934
    },
    "3": {
      "confidence": 0.7596398591995239,
      "x": 0.4276023209095001,
      "y": 0.43239542841911316,
      "w": 0.02813337743282318,
      "h": 0.02716885320842266
    },
    "4": {
      "confidence": 0.7522425055503845,
      "x": 0.42596346139907837,
      "y": 0.2924145460128784,
      "w": 0.029458384960889816,
      "h": 0.028850192204117775
    },
    "5": {
      "confidence": 0.736638605594635,
      "x": 0.5813851356506348,
      "y": 0.2075887769460678,
      "w": 0.02959326282143593,
      "h": 0.028515754267573357
    }
  },
  "000002.pcd": {
    "0": {
      "confidence": 0.8236697912216187,
      "x": 0.6192940473556519,
      "y": 0.34050318598747253,
      "w": 0.027712609618902206,
      "h": 0.027243616059422493
    },
    "1": {
      "confidence": 0.8201755881309509,
      "x": 0.6178531646728516,
      "y": 0.4386260211467743,
      "w": 0.02830377034842968,
      "h": 0.027455871924757957
    },
    "2": {
      "confidence": 0.8184205293655396,
      "x": 0.4290653169155121,
      "y": 0.37520208954811096,
      "w": 0.027870740741491318,
      "h": 0.026026496663689613
    },
    "3": {
      "confidence": 0.7815772294998169,
      "x": 0.42600175738334656,
      "y": 0.29241931438446045,
      "w": 0.029811901971697807,
      "h": 0.028825189918279648
    },
    "4": {
      "confidence": 0.7525281310081482,
      "x": 0.4272157847881317,
      "y": 0.4326401650905609,
      "w": 0.02786308340728283,
      "h": 0.02739649824798107
    },
    "5": {
      "confidence": 0.7213854789733887,
      "x": 0.5808908343315125,
      "y": 0.20802126824855804,
      "w": 0.029250845313072205,
      "h": 0.02855883724987507
    }
  }
}