{
  "000003.pcd": {
    "0": {
      "confidence": 0.8072582483291626,
      "x": 0.6199800968170166,
      "y": 0.33954012393951416,
      "w": 0.028397424146533012,
      "h": 0.027723390609025955
    },
    "1": {
      "confidence": 0.794102132320404,
      "x": 0.4294567406177521,
      "y": 0.37492313981056213,
      "w": 0.028056034818291664,
      "h": 0.02645588293671608
    },
    "2": {
      "confidence": 0.7910056710243225,
      "x": 0.4263358414173126,
      "y": 0.2921159863471985,
      "w": 0.028664518147706985,
      "h": 0.028390057384967804
    },
    "3": {
      "confidence": 0.7829733490943909,
      "x": 0.6131014227867126,
      "y": 0.43788930773735046,
      "w": 0.026792213320732117,
      "h": 0.026564495638012886
    },
    "4": {
      "confidence": 0.7641777396202087,
      "x": 0.4271423816680908,
      "y": 0.432146817445755,
      "w": 0.02818937413394451,
      "h": 0.027177639305591583
    }
  }
}