{
  "000100.pcd": {
    "0": {
      "confidence": 0.7684574723243713,
      "x": 0.6080586314201355,
      "y": 0.44619303941726685,
      "w": 0.02548319287598133,
      "h": 0.025706131011247635
    },
    "1": {
      "confidence": 0.7640742659568787,
      "x": 0.6070384383201599,
      "y": 0.34407052397727966,
      "w": 0.02667093649506569,
      "h": 0.02642085775732994
    },
    "2": {
      "confidence": 0.7566808462142944,
      "x": 0.4152106046676636,
      "y": 0.3052508234977722,
      "w": 0.025993281975388527,
      "h": 0.026441112160682678
    },
    "3": {
      "confidence": 0.7486097812652588,
      "x": 0.5604259371757507,
      "y": 0.2221836894750595,
      "w": 0.026597734540700912,
      "h": 0.027161404490470886
    },
    "4": {
      "confidence": 0.7064158916473389,
      "x": 0.6069804430007935,
      "y": 0.3493385314941406,
      "w": 0.024757057428359985,
      "h": 0.02572084404528141
    },
    "5": {
      "confidence": 0.7062197923660278,
      "x": 0.4180903732776642,
      "y": 0.4429769217967987,
      "w": 0.02503032237291336,
      "h": 0.025426233187317848
    },
    "6": {
      "confidence": 0.875194251537323,
      "x": 0.6084279417991638,
      "y": 0.44674408435821533,
      "w": 0.027951354160904884,
      "h": 0.02659759111702442
    },
    "7": {
      "confidence": 0.8229407668113708,
      "x": 0.6070109009742737,
      "y": 0.3433741629123688,
      "w": 0.028811821714043617,
      "h": 0.028707966208457947
    },
    "8": {
      "confidence": 0.8076459169387817,
      "x": 0.41474997997283936,
      "y": 0.3050723373889923,
      "w": 0.027337053790688515,
      "h": 0.02712840400636196
    },
    "9": {
      "confidence": 0.8065897822380066,
      "x": 0.41867777705192566,
      "y": 0.44630423188209534,
      "w": 0.0273286122828722,
      "h": 0.02714349329471588
    },
    "10": {
      "confidence": 0.7882161140441895,
      "x": 0.41924089193344116,
      "y": 0.3880687654018402,
      "w": 0.027269719168543816,
      "h": 0.02630125917494297
    },
    "11": {
      "confidence": 0.7841785550117493,
      "x": 0.608611524105072,
      "y": 0.3480536639690399,
      "w": 0.027799461036920547,
      "h": 0.0277510117739439
    },
    "12": {
      "confidence": 0.7778368592262268,
      "x": 0.4137105345726013,
      "y": 0.3095378279685974,
      "w": 0.02732490934431553,
      "h": 0.02845785580575466
    },
    "13": {
      "confidence": 0.7449337244033813,
      "x": 0.561011016368866,
      "y": 0.2219662219285965,
      "w": 0.02907126024365425,
      "h": 0.029013890773057938
    },
    "14": {
      "confidence": 0.7395380735397339,
      "x": 0.6081256866455078,
      "y": 0.4405997395515442,
      "w": 0.027759261429309845,
      "h": 0.028203191235661507
    }
  }
}