{
  "000001.pcd": {
    "0": {
      "confidence": 0.8222513198852539,
      "x": 0.6191576719284058,
      "y": 0.3400348424911499,
      "w": 0.027623251080513,
      "h": 0.027230486273765564
    },
    "1": {
      "confidence": 0.8206561803817749,
      "x": 0.42888298630714417,
      "y": 0.37422239780426025,
      "w": 0.027232525870203972,
      "h": 0.025846345350146294
    }
  },
  "000002.pcd": {
    "0": {
      "confidence": 0.8236697912216187,
      "x": 0.6192940473556519,
      "y": 0.34050318598747253,
      "w": 0.027712609618902206,
      "h": 0.027243616059422493
    },
    "1": {
      "confidence": 0.8201755881309509,
      "x": 0.6178531646728516,
      "y": 0.4386260211467743,
      "w": 0.02830377034842968,
      "h": 0.027455871924757957
    },
    "2": {
      "confidence": 0.8184205293655396,
      "x": 0.4290653169155121,
      "y": 0.37520208954811096,
      "w": 0.027870740741491318,
      "h": 0.026026496663689613
    }
  },
  "000003.pcd": {
    "0": {
      "confidence": 0.8072582483291626,
      "x": 0.6199800968170166,
      "y": 0.33954012393951416,
      "w": 0.028397424146533012,
      "h": 0.027723390609025955
    }
  },
  "000004.pcd": {
    "0": {
      "confidence": 0.8299436569213867,
      "x": 0.6207255721092224,
      "y": 0.3393271267414093,
      "w": 0.026913324370980263,
      "h": 0.02635212615132332
    },
    "1": {
      "confidence": 0.8069045543670654,
      "x": 0.428894966840744,
      "y": 0.37448444962501526,
      "w": 0.027293629944324493,
      "h": 0.02590077556669712
    },
    "2": {
      "confidence": 0.8013520836830139,
      "x": 0.6129134297370911,
      "y": 0.4376993477344513,
      "w": 0.026676852256059647,
      "h": 0.02681625820696354
    },
    "3": {
      "confidence": 0.8003425598144531,
      "x": 0.42597758769989014,
      "y": 0.29200875759124756,
      "w": 0.028095433488488197,
      "h": 0.02794303372502327
    }
  },
  "000005.pcd": {
    "0": {
      "confidence": 0.8456155061721802,
      "x": 0.6202619671821594,
      "y": 0.3397262394428253,
      "w": 0.027471937239170074,
      "h": 0.026937486603856087
    },
    "1": {
      "confidence": 0.8136775493621826,
      "x": 0.42864885926246643,
      "y": 0.37475278973579407,
      "w": 0.027212966233491898,
      "h": 0.025968434289097786
    }
  },
  "000006.pcd": {
    "0": {
      "confidence": 0.8396573662757874,
      "x": 0.6195219159126282,
      "y": 0.3403688073158264,
      "w": 0.027016181498765945,
      "h": 0.026359831914305687
    },
    "1": {
      "confidence": 0.8134294748306274,
      "x": 0.4292455315589905,
      "y": 0.3754246234893799,
      "w": 0.027297494933009148,
      "h": 0.025785012170672417
    }
  },
  "000007.pcd": {
    "0": {
      "confidence": 0.8436352610588074,
      "x": 0.6207159757614136,
      "y": 0.3393542468547821,
      "w": 0.027377398684620857,
      "h": 0.02693895250558853
    },
    "1": {
      "confidence": 0.8204196691513062,
      "x": 0.429772287607193,
      "y": 0.37451136112213135,
      "w": 0.027139106765389442,
      "h": 0.02542228065431118
    },
    "2": {
      "confidence": 0.8034102320671082,
      "x": 0.6128125190734863,
      "y": 0.4379190504550934,
      "w": 0.027296200394630432,
      "h": 0.027287902310490608
    }
  },
  "000008.pcd": {
    "0": {
      "confidence": 0.8409494757652283,
      "x": 0.6197845935821533,
      "y": 0.3394181728363037,
      "w": 0.027331583201885223,
      "h": 0.027012063190340996
    },
    "1": {
      "confidence": 0.8216835856437683,
      "x": 0.42927086353302,
      "y": 0.37378719449043274,
      "w": 0.027179040014743805,
      "h": 0.025084732100367546
    }
  },
  "000009.pcd": {
    "0": {
      "confidence": 0.8459003567695618,
      "x": 0.6201425790786743,
      "y": 0.33939290046691895,
      "w": 0.027529781684279442,
      "h": 0.026901308447122574
    },
    "1": {
      "confidence": 0.8145074248313904,
      "x": 0.42883220314979553,
      "y": 0.3743758201599121,
      "w": 0.027234921231865883,
      "h": 0.025755109265446663
    },
    "2": {
      "confidence": 0.8129799365997314,
      "x": 0.6130728125572205,
      "y": 0.43884846568107605,
      "w": 0.02693147212266922,
      "h": 0.02634388767182827
    }
  },
  "000010.pcd": {
    "0": {
      "confidence": 0.843324601650238,
      "x": 0.6198647022247314,
      "y": 0.33993402123451233,
      "w": 0.027367567643523216,
      "h": 0.02721094712615013
    }
  }
}