{
  "000391.pcd": {
    "0": {
      "confidence": 0.818475067615509,
      "x": 0.6854670643806458,
      "y": 0.38046348094940186,
      "w": 0.027941161766648293,
      "h": 0.027058526873588562
    },
    "1": {
      "confidence": 0.787554144859314,
      "x": 0.40715858340263367,
      "y": 0.3878244161605835,
      "w": 0.02781011164188385,
      "h": 0.02652857080101967
    },
    "2": {
      "confidence": 0.7861913442611694,
      "x": 0.386893093585968,
      "y": 0.46492674946784973,
      "w": 0.029563577845692635,
      "h": 0.02950655110180378
    },
    "3": {
      "confidence": 0.7836662530899048,
      "x": 0.6502546668052673,
      "y": 0.15966303646564484,
      "w": 0.02761906199157238,
      "h": 0.027513552457094193
    },
    "4": {
      "confidence": 0.7703035473823547,
      "x": 0.5680931210517883,
      "y": 0.4865901470184326,
      "w": 0.027662772685289383,
      "h": 0.027799203991889954
    },
    "5": {
      "confidence": 0.7696161866188049,
      "x": 0.5020754933357239,
      "y": 0.26571956276893616,
      "w": 0.026767967268824577,
      "h": 0.027336977422237396
    },
    "6": {
      "confidence": 0.7584115862846375,
      "x": 0.45081284642219543,
      "y": 0.322703093290329,
      "w": 0.0270820502191782,
      "h": 0.02761198580265045
    },
    "7": {
      "confidence": 0.7446616291999817,
      "x": 0.6046764254570007,
      "y": 0.20296894013881683,
      "w": 0.026641681790351868,
      "h": 0.027115482836961746
    },
    "8": {
      "confidence": 0.7442920207977295,
      "x": 0.6070169806480408,
      "y": 0.41249775886535645,
      "w": 0.02781776152551174,
      "h": 0.027738291770219803
    },
    "9": {
      "confidence": 0.6916508674621582,
      "x": 0.5617967247962952,
      "y": 0.23763366043567657,
      "w": 0.027596650645136833,
      "h": 0.027257103472948074
    }
  },
  "000392.pcd": {
    "0": {
      "confidence": 0.8101838827133179,
      "x": 0.6827378869056702,
      "y": 0.3812655806541443,
      "w": 0.027537113055586815,
      "h": 0.026725279167294502
    },
    "1": {
      "confidence": 0.7812051177024841,
      "x": 0.49530765414237976,
      "y": 0.2727666199207306,
      "w": 0.026097076013684273,
      "h": 0.026427024975419044
    },
    "2": {
      "confidence": 0.7751603722572327,
      "x": 0.40328651666641235,
      "y": 0.3934580385684967,
      "w": 0.02767978608608246,
      "h": 0.027630185708403587
    },
    "3": {
      "confidence": 0.7745960354804993,
      "x": 0.6038144826889038,
      "y": 0.41471394896507263,
      "w": 0.027604257687926292,
      "h": 0.027293898165225983
    },
    "4": {
      "confidence": 0.7703085541725159,
      "x": 0.6472005844116211,
      "y": 0.16192881762981415,
      "w": 0.027286166325211525,
      "h": 0.026355547830462456
    },
    "5": {
      "confidence": 0.7613123059272766,
      "x": 0.386385440826416,
      "y": 0.4696657657623291,
      "w": 0.028004758059978485,
      "h": 0.029276415705680847
    },
    "6": {
      "confidence": 0.7597329020500183,
      "x": 0.5990031361579895,
      "y": 0.20515337586402893,
      "w": 0.026863789185881615,
      "h": 0.026330487802624702
    },
    "7": {
      "confidence": 0.7521499395370483,
      "x": 0.5670158267021179,
      "y": 0.48874324560165405,
      "w": 0.02809123508632183,
      "h": 0.028109492734074593
    },
    "8": {
      "confidence": 0.749072253704071,
      "x": 0.45085862278938293,
      "y": 0.3243214190006256,
      "w": 0.028279827907681465,
      "h": 0.02860874868929386
    },
    "9": {
      "confidence": 0.691657304763794,
      "x": 0.552947461605072,
      "y": 0.23997582495212555,
      "w": 0.02666807360947132,
      "h": 0.02662026137113571
    },
    "10": {
      "confidence": 0.605276882648468,
      "x": 0.9336686730384827,
      "y": 0.37371131777763367,
      "w": 0.03412161394953728,
      "h": 0.03321957215666771
    }
  },
  "000393.pcd": {
    "0": {
      "confidence": 0.801446259021759,
      "x": 0.6052175760269165,
      "y": 0.4171820878982544,
      "w": 0.02616194076836109,
      "h": 0.025818707421422005
    },
    "1": {
      "confidence": 0.7793722748756409,
      "x": 0.38153788447380066,
      "y": 0.47067633271217346,
      "w": 0.02690841630101204,
      "h": 0.02767975628376007
    },
    "2": {
      "confidence": 0.7682909965515137,
      "x": 0.40213266015052795,
      "y": 0.39646100997924805,
      "w": 0.027303064242005348,
      "h": 0.02829386293888092
    },
    "3": {
      "confidence": 0.7545642256736755,
      "x": 0.4494847357273102,
      "y": 0.3328184187412262,
      "w": 0.027368776500225067,
      "h": 0.027299368754029274
    },
    "4": {
      "confidence": 0.7491819262504578,
      "x": 0.5658531188964844,
      "y": 0.4913683831691742,
      "w": 0.028075652197003365,
      "h": 0.02863125689327717
    },
    "5": {
      "confidence": 0.7485852837562561,
      "x": 0.5532334446907043,
      "y": 0.2442517727613449,
      "w": 0.02590157836675644,
      "h": 0.02664368227124214
    },
    "6": {
      "confidence": 0.7482756972312927,
      "x": 0.6846522092819214,
      "y": 0.38136813044548035,
      "w": 0.029482806101441383,
      "h": 0.028351688757538795
    },
    "7": {
      "confidence": 0.7384762167930603,
      "x": 0.49004197120666504,
      "y": 0.2762649953365326,
      "w": 0.025922728702425957,
      "h": 0.026496784761548042
    },
    "8": {
      "confidence": 0.64954674243927,
      "x": 0.6420184373855591,
      "y": 0.16354955732822418,
      "w": 0.028548169881105423,
      "h": 0.028508039191365242
    }
  },
  "000394.pcd": {
    "0": {
      "confidence": 0.7943224310874939,
      "x": 0.3994644284248352,
      "y": 0.40011098980903625,
      "w": 0.026331212371587753,
      "h": 0.02667688950896263
    },
    "1": {
      "confidence": 0.7728664875030518,
      "x": 0.37932538986206055,
      "y": 0.4775722324848175,
      "w": 0.027454890310764313,
      "h": 0.027785681188106537
    },
    "2": {
      "confidence": 0.7607071995735168,
      "x": 0.4443073868751526,
      "y": 0.33558622002601624,
      "w": 0.027057087048888206,
      "h": 0.02628033608198166
    },
    "3": {
      "confidence": 0.756784200668335,
      "x": 0.6790558099746704,
      "y": 0.3814696967601776,
      "w": 0.027748290449380875,
      "h": 0.02665647119283676
    },
    "4": {
      "confidence": 0.755174458026886,
      "x": 0.5647086501121521,
      "y": 0.4941021203994751,
      "w": 0.028706161305308342,
      "h": 0.028338013216853142
    },
    "5": {
      "confidence": 0.7449398040771484,
      "x": 0.5464352369308472,
      "y": 0.24504967033863068,
      "w": 0.026218701153993607,
      "h": 0.026387758553028107
    },
    "6": {
      "confidence": 0.7401719093322754,
      "x": 0.6010754108428955,
      "y": 0.4183254539966583,
      "w": 0.026584910228848457,
      "h": 0.026796869933605194
    },
    "7": {
      "confidence": 0.7294132113456726,
      "x": 0.4882710576057434,
      "y": 0.2808554172515869,
      "w": 0.02600897289812565,
      "h": 0.026259012520313263
    },
    "8": {
      "confidence": 0.6948699355125427,
      "x": 0.6381850838661194,
      "y": 0.16229939460754395,
      "w": 0.027141926810145378,
      "h": 0.0269490797072649
    },
    "9": {
      "confidence": 0.6939898133277893,
      "x": 0.5932883024215698,
      "y": 0.20949167013168335,
      "w": 0.02683117613196373,
      "h": 0.024921106174588203
    }
  },
  "000395.pcd": {
    "0": {
      "confidence": 0.8107548356056213,
      "x": 0.37724024057388306,
      "y": 0.48449885845184326,
      "w": 0.02808714099228382,
      "h": 0.028780296444892883
    },
    "1": {
      "confidence": 0.792571485042572,
      "x": 0.39677348732948303,
      "y": 0.4063802659511566,
      "w": 0.02772754617035389,
      "h": 0.027887817472219467
    },
    "2": {
      "confidence": 0.7792545557022095,
      "x": 0.6331214904785156,
      "y": 0.16564947366714478,